name,location,district,taluk,latitude,longitude,type,hfr_id
Wenlock District Hospital,"Mangalore, Dakshina Kannada",Dakshina Kannada,Mangalore,12.864892,74.835974,Government,IN2910000001
Government Lady Goschen Hospital,"Mangalore, Dakshina Kannada",Dakshina Kannada,Mangalore,12.865400,74.838500,Government,IN2910000002
ESI Hospital Kadri,"Mangalore, Dakshina Kannada",Dakshina Kannada,Mangalore,12.874749,74.858090,Government,IN2910000003
Father Muller Medical College Hospital,"Kankanady, Mangalore",Dakshina Kannada,Mangalore,12.861700,74.860100,Private,IN2910000004
KMC Hospital Ambedkar Circle,"Mangalore, Dakshina Kannada",Dakshina Kannada,Mangalore,12.871200,74.843600,Private,IN2910000005
KMC Hospital Attavar,"Attavar, Mangalore",Dakshina Kannada,Mangalore,12.860300,74.847100,Private,IN2910000006
AJ Hospital & Research Centre,"Kuntikana, Mangalore",Dakshina Kannada,Mangalore,12.905400,74.853200,Private,IN2910000007
Yenepoya Medical College Hospital,"Deralakatte, Mangalore",Dakshina Kannada,Mangalore,12.813800,74.887200,Private,IN2910000008
KS Hegde Charitable Hospital,"Deralakatte, Mangalore",Dakshina Kannada,Mangalore,12.816600,74.889300,Private,IN2910000009
Indiana Hospital & Heart Institute,"Pumpwell, Mangalore",Dakshina Kannada,Mangalore,12.860900,74.869200,Private,IN291000010
SCS Hospital,"Mangalore, Dakshina Kannada",Dakshina Kannada,Mangalore,12.874483,74.855092,Private,IN2910000011
Highland Hospital,"Falnir, Mangalore",Dakshina Kannada,Mangalore,12.865000,74.852300,Private,IN2910000012
Unity Hospital,"Highlands, Mangalore",Dakshina Kannada,Mangalore,12.866000,74.855500,Private,IN2910000013
Tejasvini Hospital,"Kadri, Mangalore",Dakshina Kannada,Mangalore,12.877800,74.858900,Private,IN2910000014
Bantwal Taluka Hospital,"Bantwal, Dakshina Kannada",Dakshina Kannada,Bantwal,12.893750,75.041410,Government,IN2910000015
Father Muller Hospital Thumbay,"Thumbay, Bantwal",Dakshina Kannada,Bantwal,12.887100,74.965400,Private,IN2910000016
Community Health Centre Vittal,"Vittal, Bantwal",Dakshina Kannada,Bantwal,12.762800,75.101800,Government,IN2910000017
Puttur Taluka Hospital,"Puttur, Dakshina Kannada",Dakshina Kannada,Puttur,12.768100,75.201200,Government,IN2910000018
Pragathi Speciality Hospital,"Puttur, Dakshina Kannada",Dakshina Kannada,Puttur,12.767507,75.196004,Private,IN2910000019
Adarsha Specialty Hospital,"Puttur, Dakshina Kannada",Dakshina Kannada,Puttur,12.771200,75.204500,Private,IN2910000020
Belthangady Taluka Hospital,"Belthangady, Dakshina Kannada",Dakshina Kannada,Belthangady,13.003200,75.257100,Government,IN2910000021
SDM Hospital,"Ujire, Dakshina Kannada",Dakshina Kannada,Belthangady,12.994560,75.332100,Private,IN2910000022
Community Health Centre Kokkada,"Kokkada, Belthangady",Dakshina Kannada,Belthangady,12.923400,75.394100,Government,IN2910000023
Sullia Taluka Hospital,"Sullia, Dakshina Kannada",Dakshina Kannada,Sullia,12.564500,75.390500,Government,IN2910000024
KVG Medical College Hospital,"Kurunjibag, Sullia",Dakshina Kannada,Sullia,12.558200,75.385400,Private,IN2910000025
Moodbidri Taluka Hospital,"Moodbidri, Dakshina Kannada",Dakshina Kannada,Moodbidri,13.069400,74.996100,Government,IN2910000026
Alvas Health Centre,"Moodbidri, Dakshina Kannada",Dakshina Kannada,Moodbidri,13.072100,75.001200,Private,IN2910000027
Community Health Centre Kadaba,"Kadaba, Dakshina Kannada",Dakshina Kannada,Kadaba,12.742300,75.341100,Government,IN2910000028
